0,5,10,15,20,25,30,35,40,45,50,55,60,65,70,75,80,85,90,95,100,105,110,115,120,125,130,135,140,145,150,155,160,165,170,175
0,-0.0398399183168734,-0.15709720138479322,-0.08212665148113496,0.3305981656184677,0,-0.2691669391745573,0.28068840839776993,-0.9167892610706869,0.28587196721228403,-0.1528016967776319,-0.12586054755505183,0.2589211718390256,-0.97088336869981,1.7526747906235145,0,0,-0.6573788663648822,0.6667432260388685,0,0,0,0,0,0,0,0,0,0,0,0,0,0,0,0,0
-0.006067295264408121,-0.020781289627144955,-0.1235505377811186,0.049248144979441424,0.14738798703882106,-0.6509465125743753,-0.45982049871961717,0.7431887257458056,0.4568673037436867,0,-1.1889123555863175,1.2170045163206868,0,0,0,0,0,0,0,0,0,0,0,0,0,0,0,0,0,0,0,0,0,0,0,0
0,0,0,0,0,-0.3874503472288665,-0.13733361234461733,-0.7697365967765712,0.5728160023592802,-1.609948915109183,1.9905891268382327,-1.35361157341941,1.9207498071048665,-0.5314389446724364,0.5416522706491096,-1.7959357615544693,1.8258787468888522,0,0,0,0,0,0,0,0,0,0,0,0,0,0,0,0,0,0,0
0,0,0,-0.1422977652122367,-0.35769801535429924,0.5405770459406026,0,0,-1.9274236943247658,-0.34802734538518654,1.3310130073123383,-1.1888033440002235,2.3262760905942703,-1.2058735869374266,0.7406214272302769,-0.14893602629353792,0.07132288960806732,0.5941199001946147,0,0,0,0,0,0,0,0,0,0,0,0,0,0,0,0,0,0
-0.00797046831603377,0.021463694920013418,-0.036789894955809664,0.04036986227944503,-0.14524055286509613,-1.4980555068685415,0.6517827223787815,1.1195752389661764,-1.4946849149461126,0.12418740578703913,1.4495846973575628,0,-1.7584246178295617,0.9966654225418902,-0.13974457710992294,0.9697172866712491,-0.4113751278157765,0.41778895844500513,0,0,0,0,0,0,0,0,0,0,0,0,0,0,0,0,0,0
0,-0.05896321899076144,-0.00110247521903142,-0.12736009412685853,0.2222486536476266,-0.1482146420415884,-1.787571520599036,1.0000158147004587,0.5773573030542749,0.49000919741040777,-2.6059192166263085,2.0948682671516483,0.5835306754808093,-0.38480932122054323,-0.8415211871988496,1.2546779296250132,0,-0.4866812288298784,0.49392617260316163,0,0,0,0,0,0,0,0,0,0,0,0,0,0,0,0,0
-0.01397363064408945,0.011897127459643716,-0.02919502792054887,0.04934823521393087,-0.30223146181188737,0.31880870451625254,-0.4629056458743787,-0.5861361337615832,-0.18902113575534454,1.3320133880439888,0,0,0,0,-0.9964496994782678,0.7739479266873033,0.24371134967286318,-3.8940750832928677,3.949863905046832,0,0,0,0,0,0,0,0,0,0,0,0,0,0,0,0,0
-0.001527621134370802,0.013632239356519757,0,-0.2826556759986362,0.3025273671344063,-0.08387642926807225,-1.5599523934066082,-0.17251581718359632,1.636759903320821,-0.11822502323128947,-0.6367135780039022,-0.23936083484569418,1.38662120118781,-1.9445100980711176,1.9801005565671148,0,-2.6755320815907364,2.7168413594622134,0,0,0,0,0,0,0,0,0,0,0,0,0,0,0,0,0,0
0,0,-0.026712144528599102,-0.060233162531299844,-0.36165566077471334,-0.12095927646520194,0.2766519700524019,-0.17587282892163225,-1.7867404457533516,2.42272529782605,-2.4599719565804414,2.520419771589851,0,0,-0.9437435514424819,0.9605158748963474,-0.3116887857050713,0.3163750395887929,0,0,0,0,0,0,0,0,0,0,0,0,0,0,0,0,0,0
-0.027549732492556354,0.026681933386669056,0.016626649415964506,-0.1452650914407233,0.15530300307393013,0,-0.61309679079907,-3.154556834939158,0.3161032677349498,3.382157213585651,0.32896490118021154,0,-1.3423413651691152,1.3704741869301396,-1.4408852214646948,1.4654815731066808,0,-0.7247842918327245,0.7348552350902486,0,0,0,0,0,0,0,0,0,0,0,0,0,0,0,0,0
-0.01030989208854531,-0.10720439341082957,0.14383202958904362,-0.05477844246063289,-0.3398494599944114,0.1469155004312684,0.2851586801387382,-0.9305160419014677,0.727189793773216,-0.37684645111425713,-1.3090731162325184,1.9884039483969933,-0.1672457974682427,0.17070421137173702,-0.45435180028031685,0.46201841766035956,0,-0.4866812288298784,0.49392617260316163,0,0,0,0,0,0,0,0,0,0,0,0,0,0,0,0,0
-0.007446865489499084,-0.027137846299552668,0.05328520717911012,-0.07954997379303894,0.08593929765377115,-0.27879135661916377,-0.9244555611111225,1.263734778974249,-0.12250348121451068,-1.8971240142367098,1.4985911264888152,0.5940150502877813,-0.2421729118771544,0.24702052552453233,0,0,-0.8566869358346811,-1.0367790509502086,1.9339899475408135,0,0,0,0,0,0,0,0,0,0,0,0,0,0,0,0,0
0,-0.12590617991391032,0.14287993433222923,-0.1064542284883413,-0.47514926017076464,0.6223554640000251,-1.153541033855057,0.7959990186133693,-1.0915170255097584,0.29183189826857747,1.2975124659937498,-1.0321624275747134,-0.8770100358257569,1.9710371566624345,-1.6557026572427187,1.6851785802323889,0,0,0,0,0,0,0,0,0,0,0,0,0,0,0,0,0,0,0,0
-0.007806314798277808,0.02941224923546841,0,-0.17644123876493692,0.18918786640981355,-0.7468768884456967,-0.3733744288433044,1.1982670414749346,-0.658896907574611,-1.5750486349101838,1.9214773956390785,0.40167654053714485,0,-0.4531335393758612,-1.027343023097643,0.8691110508771114,-0.18667580705042564,0.8562690638785122,0,0,0,0,0,0,0,0,0,0,0,0,0,0,0,0,0,0
0,-0.07769158932324993,0.08886154811506744,-0.035049974228611475,-0.6043316680171278,0.6079361823678274,-0.5746024789612711,0.6759414992231219,-0.05990629969230675,-0.15560857138667325,-3.0347118334955563,1.095029321015787,-2.232033380521443,2.7227768607382656,1.9304202133877144,0,0,0,0,0,0,0,0,0,0,0,0,0,0,0,0,0,0,0,0,0
-0.012651119624039489,-0.003204774868137035,-0.08167875364510456,-0.23138618059252325,0.14907488913276545,0.2400598826977017,-0.8325508633295062,-0.1556766386250124,0.9488059870218375,0.10861947565397571,-1.263107564269135,0.6726475799744995,-0.18432821868366966,0.4726398414467624,-0.9823036070408149,1.3757885452129939,0,-0.6573788663648822,0.6667432260388685,0,0,0,0,0,0,0,0,0,0,0,0,0,0,0,0,0
0.0004543407860044589,-0.009126995366572015,-0.13745996094508256,0.09005493227977741,-0.7662847203944443,0.9340028190489016,-1.5081898234105053,-0.092401265346163,-0.7840464455814338,2.0137771837732714,-1.2352480103591985,1.7117885619813458,0.1505584822063771,0,0,0,0,-0.4551297719818548,0.4617325038609253,0,0,0,0,0,0,0,0,0,0,0,0,0,0,0,0,0
-0.0071559374920112965,-0.045644307569507624,0.06489188908618033,-0.3502471531215939,0.374150788975844,-0.18892797320497942,-1.1198884168451513,0.7396908770343879,-0.10355267990201078,0.370209647329048,-0.324940491782601,-0.9282628743860214,1.7257897253913437,0,0,0,-1.454236293064866,1.4763803066267434,0,0,0,0,0,0,0,0,0,0,0,0,0,0,0,0,0,0
-0.005628592975177315,0.009094303504249307,0,-0.1422977652122367,-0.18219179106557193,0.28149534964298567,-0.4612577173120174,0.5589042135966625,-1.8569148212127506,0.16782856675849744,0.3228859876169795,1.5034145528877332,-0.5749037233609754,0.5861972766470785,-0.323742995440277,0.13109326168248628,0.20120540286217417,-0.14501343421165472,0.14716690126987228,0,0,0,0,0,0,0,0,0,0,0,0,0,0,0,0,0
0,-0.010456970241867139,-0.18094499452797794,0.21690837807820484,-0.6232601753767385,0.5662354872121389,-0.10300320422910413,0.20679194732749834,-0.9019481080501003,-0.33928808519821907,-0.4066729681589596,1.6596516022386567,-1.7137455714523917,1.8423672849403134,-3.1618391591737076,3.2171631058311374,0,-0.45475261731370964,0.46135549430086353,0,0,0,0,0,0,0,0,0,0,0,0,0,0,0,0,0
0,0,0,-0.5113882368457952,0.09407981302540974,0.4136720988262009,0.07139164050981495,-0.12842927937023127,-2.1987892092663515,-0.31091972339192053,2.5152416887543163,0.2753987801515033,0,-0.38480932122054323,-0.6347203180107073,1.0448805384224753,0,-0.4866812288298784,0.49392617260316163,0,0,0,0,0,0,0,0,0,0,0,0,0,0,0,0,0
-0.00410513048649896,-0.009556632575581562,-0.13292040181201797,-0.3200987255059475,0.2896409303001597,-0.22854282511675825,0.23426942683747604,-1.221965697031401,1.5425622284235567,-1.022996365315603,0.197067097708427,-0.2774474591178363,1.1758027629408603,-0.4126874551067964,0.420307723240805,0,-0.8566869358346811,-0.6049150258602443,1.495235964334575,0,0,0,0,0,0,0,0,0,0,0,0,0,0,0,0,0
0,-0.3303861952300025,0.1754344622833822,0.22758557878070718,-0.10870581557770699,0.013818877086032744,0.10559012538851312,0,-0.33006514330638204,-2.6455381274807523,3.061456399488243,-0.8368468509334175,-0.5626231868144886,1.1405960007207065,-0.21715867933057426,-2.0595040512333167,2.6401697639041353,0,0,0,0,0,0,0,0,0,0,0,0,0,0,0,0,0,0,0
0,0,-0.1909221119496976,0.03973167963455701,0.18246267894330095,0,-0.31531955305648823,-2.1130626154438374,1.5309784242076663,-3.289043880512703,4.243833625387332,-2.957724001091846,3.219548363086817,-0.48235057163560574,0.0031453152167782994,0.497155979874997,0,0,0,0,0,0,0,0,0,0,0,0,0,0,0,0,0,0,0,0
-0.020531738715277956,0.01679862284696307,-0.030792543545935205,-0.4536922463849219,0.5604028963423577,0,0,-0.8714468078026208,0.08302253252221226,0.8445169712116317,-3.188799139128897,3.267300811205878,0,0,-0.7172662394700094,0.7294106029556394,-0.3199233321267425,-0.19488089584838564,0.5273181389449161,0,0,0,0,0,0,0,0,0,0,0,0,0,0,0,0,0
0,-0.14991223608985332,0.17466719666610617,0,-0.22561627474470317,-0.4671649460832572,0.5884661805901028,-0.9453273396720664,1.1357033257987226,-2.36132214648,0.6264587334771581,1.8438355871203942,0,-1.7716985712432916,1.8043044510061064,0,0,0,0,0,0,0,0,0,0,0,0,0,0,0,0,0,0,0,0,0
-0.008577793435330668,0.021233254617601838,-0.049859259144014345,0.05583759842618981,0,-0.8140464357353807,0.5388332546031637,0.3269387916207839,-1.1539603328971477,0.5518843921758546,-2.8389041902686554,2.435491449884159,1.1689338323396643,-0.04147140759168383,0.042221110732940416,0,-0.5365742844886799,0.5448172549016129,0,0,0,0,0,0,0,0,0,0,0,0,0,0,0,0,0,0
0,-0.08831338253141008,0.11671908663530708,-0.11927889707763827,-0.19620226215531913,0.3451548444187579,-1.125061604040279,0.1400317911446753,0.8781348034470057,-1.343992242454741,0.8209844523387418,0.7705826172381975,-1.810492050619443,1.8475203963342839,0,0,-1.6958278166933098,1.7219016104357006,0,0,0,0,0,0,0,0,0,0,0,0,0,0,0,0,0,0
0,0,0,0,-0.2709514403184728,-0.3092287030746041,-2.2459561265836316,2.981121743517603,-1.4799731252886006,-0.09778119927653373,1.6624101547741674,-0.7452673427177612,0.7613017429606627,-0.4513983343123831,-4.300976608126421,4.843946748563111,0,0,0,0,0,0,0,0,0,0,0,0,0,0,0,0,0,0,0,0
0,-0.02763366468879048,0.03193871104882351,-0.040236716865288,0.04326017338306262,-0.6756222634119528,0.7079674946649357,-2.4654018584625956,0.8253326666507763,-4.693632305889545,5.589651839523256,1.0661759267671889,-2.2793995994526166,1.525646718690823,0.8132953735388262,0,0,-2.524603583644776,2.561454581168606,0,0,0,0,0,0,0,0,0,0,0,0,0,0,0,0,0
0,0,0,0,0,-0.3725546267726424,-0.9007800826740293,1.337734997127887,-2.0278168311174967,1.54647645147676,-0.06367539341626838,-2.3712970440796672,1.8999271617617242,0.24082746321710546,-0.36717460193241336,1.363521169513143,0,0,0,0,0,0,0,0,0,0,0,0,0,0,0,0,0,0,0,0
-0.005030359925585464,-0.05379067651018162,0.10030112722058297,0,-0.6498445851801252,-0.28298973050788784,0.0985783869908261,0.7564341389915065,0.19830107312678316,-2.750621149302904,2.247740725525997,0.5940150502877813,-0.18984357701915713,-1.4907627277811415,0.7183602275803823,1.0138119366943323,0,0,0,0,0,0,0,0,0,0,0,0,0,0,0,0,0,0,0,0
0,-0.03453461027743657,0.04235864829399403,-0.27700041573969664,0.30006195131058516,0,-1.2881922640900225,-2.060200037872727,2.3475752832566563,-0.04999873818675954,0.7756559724062795,0.5245530765444733,0,0,0,-2.384806422359961,-0.015821645871049395,2.47793225937234,0,0,0,0,0,0,0,0,0,0,0,0,0,0,0,0,0,0
-0.0021777218231004932,0.020317945731219103,0,0,0,-1.3144039303328536,0.8821459600031722,-0.67778413979106,0.7417531145611914,-1.150466111733499,1.700037340717558,-3.813417958973972,1.6796303305343472,1.754105567188296,-0.8060019728437436,0.11644935576053794,0.9035279075767702,0.3532659059632031,0,0,0,0,0,0,0,0,0,0,0,0,0,0,0,0,0,0
0.0006741485366352438,0.0029061942826022215,0,0,0,0,-1.0287312310162529,-0.4320047494756034,0.5250067578952493,0.9020955091632161,-6.453459374883548,6.776497300309338,-0.24309351746254107,-0.2990023102077507,-0.3533454138938421,0.9256989973135131,0,-0.9482170323944791,0.9615547710563103,0,0,0,0,0,0,0,0,0,0,0,0,0,0,0,0,0
-0.0511863735755783,0.0956997409492196,-0.0711515163601425,-0.40766165429738305,0.5234995888855687,-0.06791674154860321,-0.8702607497039352,0.6450524871471744,-1.450082486494158,-0.6179747314307213,2.532292170219331,-0.8213487599884348,0.3076670923345797,0.5421928903454353,-0.12464030219690307,0.12686178506026313,0,0,0,0,0,0,0,0,0,0,0,0,0,0,0,0,0,0,0,0
0,0,0,-0.07954997379303894,-0.2919831859392941,-1.1330718362849006,0.5939494227261142,0.19200427509040668,0.34339707522752994,-1.0941944365002239,0.40953228725390467,0.3335756171036568,0.15360290585817793,0.8690062423273359,0,-1.326383705981371,1.3479394504468345,0,0,0,0,0,0,0,0,0,0,0,0,0,0,0,0,0,0,0
-0.06137558178419325,-0.06346683399831443,0.17215911710249987,-0.2639666341999419,0.28476327937149887,-0.05155695739395346,-0.3079505558391777,-1.7077131881993801,0.5319739627679037,1.0998409261015816,0.5855114646814769,0,0,-1.755367994349157,1.7894767809020875,0,0,0,0,0,0,0,0,0,0,0,0,0,0,0,0,0,0,0,0,0
0.0,0.0,0,0,-0.29516182813017156,-1.3084026617961602,1.668460670668387,-0.5783964157802498,0.30430411634068166,-1.5821213415931183,1.9650909502757816,-2.320117510326513,1.071368050604443,1.3260721067756962,0,0,0,0,0,0,0,0,0,0,0,0,0,0,0,0,0,0,0,0,0,0
0,-0.04445606833108758,-0.15983185204740544,0.2384224367945146,-0.5786392956360042,0.20328062918795886,-0.010124127610427802,0.1539967673286337,-0.5593730693463996,0.49249290381710265,-0.4423281820435753,-0.3435830322991924,-1.5913921580614585,0.6655217174828956,2.2786908244311643,0,0,-1.1866163478558063,1.203802142313996,0,0,0,0,0,0,0,0,0,0,0,0,0,0,0,0,0
0,-0.0232757061320451,-0.1921289259962919,-0.10577179061193431,0.3725941489084834,-0.6037804751441428,0.6295161851327549,-0.17055149986655707,0.17680242208374353,-0.9095681905273866,0.045357226593390365,-1.3085844791743149,1.504507916115033,0.6620773433667442,0.11928218770236719,0,0,0,0,0,0,0,0,0,0,0,0,0,0,0,0,0,0,0,0,0
0.0008591361920002234,-0.010388350389057652,-0.19157726974425549,-0.05935951144158906,0.27722986556763984,0.036779318678319184,0,-2.6010397308372433,2.686542794059267,-4.177823613049573,4.294286891565882,0,0,-0.8974474065505731,0.9147992842072289,0,-1.4459056996601798,1.0023405641380838,0.4716612712359596,0,0,0,0,0,0,0,0,0,0,0,0,0,0,0,0,0
-0.018235300538166545,0.024675442530705517,-0.0314044260009767,0.000554181579256588,-0.28064668515240443,-0.009107318557089183,-0.05045754602931718,0.4301744053227214,-1.1605876380917448,1.1952220766108979,-0.06344021032729925,-1.546487196853567,-0.4809552663332819,1.917039438445114,0.261504787790355,-0.41930480354285843,-0.4304249397112357,-1.170087156843207,2.0690211344085494,0,0,0,0,0,0,0,0,0,0,0,0,0,0,0,0,0
0,0,0,0,-1.2267718743563525,1.0414439213532245,0.26001200075938385,-3.141167909688603,2.517175590270857,-3.608209520804275,3.839107054372691,0.6636898821035303,-1.7777288937556637,1.8153118064107372,0,-0.6071653176852966,0.6172788768914641,0,0,0,0,0,0,0,0,0,0,0,0,0,0,0,0,0,0,0
0,-0.01061504159094841,0.013748585448639182,-0.1471379048036917,-0.6556538022513162,0.5723795855744795,-0.0965172202109717,-0.5929287685646956,-0.8478523946332435,0.8257369728525377,0.662283629219363,0.5017852641462625,-1.9030017859185502,1.940999023259289,0,-0.39671755438779477,0.40311367039808793,0,0,0,0,0,0,0,0,0,0,0,0,0,0,0,0,0,0,0
0,0,-0.24367672098357646,-0.7719444243726721,1.1140994426912945,0,-0.45620910544835397,-0.580203658449352,0.4980235963504228,0.19085084160759433,-0.3809657075985785,0.311606351347508,0.5291669371632477,-0.7841075467391447,0.7986712228938233,0,0,-0.5531297944724302,0.5609057958281208,0,0,0,0,0,0,0,0,0,0,0,0,0,0,0,0,0
0.0008591361920002234,-0.01846459436532533,-0.00203578291359173,-0.06468260818806333,0.09867714538710959,0,0,-0.3595298520478074,-0.921383153608667,0.3843477658953456,-0.4340107373225832,0.4588209584412489,1.004710505724375,-1.6589505032640754,1.6890053867611616,0,-1.167161996928561,-0.2560305801242609,1.462328676304854,0,0,0,0,0,0,0,0,0,0,0,0,0,0,0,0,0
0,-0.16969915831239524,0.086921766637826,0.039677215307090494,0.09459911199592934,-0.6337441263092554,-1.8478707604909366,2.6028120096496306,-2.5144629868170623,2.395416144933626,0.19642385396478768,0,0,-0.4757206293430726,0.4848284437919105,0,0,0,0,0,0,0,0,0,0,0,0,0,0,0,0,0,0,0,0,0
0,0,-0.032099994625911905,-0.376050401295478,0.44587881403134083,-1.6880753484750024,1.462033268064429,-0.7489948946128757,0.7401182790379262,-2.2266697198927914,0.07240955582556241,1.4425945852970719,1.239647850461397,0,-1.3547912007270575,1.3776893889461514,-0.8432807187052249,0.43509814840857103,0.4271840207165358,0,0,0,0,0,0,0,0,0,0,0,0,0,0,0,0,0
0,0,-0.09932886084962918,0.019401943464537774,-0.5300422524438022,0.6618183269550688,-0.10919959659776797,0.11352815991382798,-2.3998160262831885,2.4714571719627356,-4.306521588396764,3.9824167914000763,0.43599866258965714,0,-0.3899059301197573,-5.45772280792533,2.640595203346005,3.357721592919342,0,0,0,0,0,0,0,0,0,0,0,0,0,0,0,0,0,0
0,-0.11205165960899922,0.1284245834176798,-0.22433255174953018,-0.1906005574748773,0.45889240726446034,-0.2954840181940131,-0.3423776153605968,-1.2939757844327033,0.5043364612178196,1.5626763491037567,0,0,-0.3943630287022822,-0.755997277907337,1.1775646491593545,-0.16573626341256031,0.16824301140726086,0,0,0,0,0,0,0,0,0,0,0,0,0,0,0,0,0,0
0,0,0,-0.10540432518184303,-1.4060188153313087,1.5680921402154318,-0.824714736509668,0.9026335344922525,0,-0.3748410736324167,-0.5589999038698943,0.24154702145467077,0.30945211214830826,0.05039430959855912,0.19412137212906488,-0.03304978063521777,-0.8811368989521392,0.7228808321965713,0.42488293807101263,0,0,0,0,0,0,0,0,0,0,0,0,0,0,0,0,0
0,0,0,-0.3516595843047022,0.377272078957656,-0.1708233551519975,-0.6645400086596057,-0.6177860337608118,0.46443886795148126,-1.2028692058810542,2.380785846153432,-1.8228363820972495,1.176352366027014,-0.3764740713878879,1.0986723739855093,0,0,-0.6186259868527146,0.62737358583001,0,0,0,0,0,0,0,0,0,0,0,0,0,0,0,0,0
0,0,0,-0.1696433723083007,0.18246267894330095,-0.48635639387388,0.36577911089474857,0.14871841526770554,-0.9991225604057858,-3.2282476034978256,2.860008335022722,-0.31132887119041097,1.1848739229596066,0.3723032116975651,-1.6920713145263435,2.091883247768129,0,0,0,0,0,0,0,0,0,0,0,0,0,0,0,0,0,0,0,0
-0.024336308706620118,0.010748560885983527,-0.007664411045385393,-0.29134304283780965,0.3533299869295477,-0.4381999750332412,0.456937357832801,0,-1.3632389099466427,1.2040316015863184,-0.5007374963346237,-0.36794253095190654,-2.893388192088184,3.1953531030784377,0.9078172761193823,0,-0.31480890301223086,0.3196415656061908,0,0,0,0,0,0,0,0,0,0,0,0,0,0,0,0,0,0
-0.00010136461348358648,-0.06969102013886623,0.09060146901106118,-0.1962545990171893,0.21284933048083082,-0.33873275266625424,0.35326909916224225,-0.6179071229238619,0.5337406115382766,0.10861947565397571,-1.2907665622799542,-0.5034663684478887,0.8241179125236782,-0.2593833341955807,0.322926843861854,1.0448805384224753,-1.6488033977508734,1.6731970617509373,0,0,0,0,0,0,0,0,0,0,0,0,0,0,0,0,0,0
0,0,0,-0.4308885641719018,0.05720210711636417,-0.32111877140865924,-1.1828536635477604,2.0283207359953845,-1.9428425165207632,2.0207762644895713,-0.9546888983162622,0.9777374690449532,0,-0.977564654253801,0.995095733469172,-1.326383705981371,1.3479394504468345,-2.747097199601417,2.7860419242467254,0,0,0,0,0,0,0,0,0,0,0,0,0,0,0,0,0
-0.006904257281126554,-0.012409034889498967,-0.06679538247634587,0.10113917340746809,0,-0.731139486282148,0.26956962640466714,0.22375058408346934,0.30150192177901924,-2.207636332360301,1.176026154275214,0.4518553420485846,0.6854208098051895,-1.4104976897843347,1.1794086267745636,-2.5667974268320415,-0.3124911406377531,3.2362852634964554,0,0,0,0,0,0,0,0,0,0,0,0,0,0,0,0,0,0
-0.03886419291158917,0.05373863853473092,0,-0.28519334464765733,0.27105711566940766,-1.1291715225758683,1.2166604347730605,-0.9539322713450277,-0.04263327786776916,-1.6019073274447702,2.733641994958373,0,-0.6282734342231364,-0.17909592465491497,0.24354037470825673,0.6025047680275496,0,0,0,0,0,0,0,0,0,0,0,0,0,0,0,0,0,0,0,0
0,-0.012964468154352635,0.016626649415964506,0,0,0,-0.38645705714384493,0.40225286808542476,-3.070705997663145,2.5514749717888123,-2.0337134283025344,0.35574997276042136,1.6525467686037654,0.7824718621974239,-0.9102324009963235,0.9256989973135131,-0.5947487804206161,0.36680238813357147,0.24038171110457116,0,0,0,0,0,0,0,0,0,0,0,0,0,0,0,0,0
0,0,-0.03849059411829165,-0.5271362987679978,0.3526833722074626,0.28047734783314937,-0.1963467142352483,-2.1222311647589076,1.9462769337079626,0.3322781043621892,-0.6066257692561161,0.7730077175159473,0,0,-0.939578544089869,0.955772523512445,-1.0414108990482112,0.17765654897143557,0.8926473586078147,0,0,0,0,0,0,0,0,0,0,0,0,0,0,0,0,0
0.0,-0.0314445637041595,0.04090997154087298,-0.19816460143263118,0.21072014450135432,-0.9583582092972209,0.9990276680875665,-3.022348566248648,3.122766919155706,-2.4282033830397403,1.5370919236958394,0.5594233238136925,0.4274652312950446,-0.5714354038355574,0.3111922363814599,0.2754122125277728,0,-0.660441091264289,0.6699203991755103,0,0,0,0,0,0,0,0,0,0,0,0,0,0,0,0,0
-0.00687099321350915,0.015305313024918154,0,-0.08935845471392583,-0.6209406713740397,0.16246493489162706,0.5432698531956223,-0.5194036591674228,0.6226918966930965,-1.349335494016144,1.3853413134872312,-2.111430936858869,2.158655462666224,0,0,0,-0.5162289389199306,0.1520998464974734,0.37743979818275525,0,0,0,0,0,0,0,0,0,0,0,0,0,0,0,0,0
-0.02260947602140468,0.029582825540605286,-0.1909221119496976,0.03973167963455701,0.18246267894330095,-1.5008137659484642,1.220618216647025,0.10872422718496888,-0.20125343543387997,0.48057364204178615,-0.6309113238258234,0.6465695847483708,-0.36308310274726263,-0.3705703890988948,0.5760145983409366,0.18192894672550372,-0.34813346387357197,0.3532659059632031,0,0,0,0,0,0,0,0,0,0,0,0,0,0,0,0,0,0
-0.012740373698586917,-0.021076930737858456,0.08308907260592341,0,-0.26032779236590425,0.27711210928928814,-0.30688423482546734,0.07902038163531258,-3.008671217178711,1.9520303242036092,-0.2510294211384057,1.7295209078871057,-1.0062849335065114,-0.06653843508566193,1.1128452004204672,-0.1291986997927079,0.13138558286118,0,0,0,0,0,0,0,0,0,0,0,0,0,0,0,0,0,0,0
-0.05071829825255292,0.06164777205455108,0.022838806127199324,0,0,-0.08029790049298521,0.08381987265313535,0,-0.9370644233754841,-2.2840656182458243,2.9705432865166115,0.1231688070063055,0.030875364481574685,0.2293849438836321,-0.3012634589240596,0.0817059346545857,0.011504450086618628,-1.0023592974170286,1.2401960707995086,0,0,0,0,0,0,0,0,0,0,0,0,0,0,0,0,0
0,-0.057601844748608286,-0.0879137928686235,0.16931891423191625,-0.3041999013747438,0.09130429712860333,0.24086754746840475,-0.3489972190447274,0.36115737002081477,-0.9373141920701866,0.13408805222930442,0.700970197061272,-2.460697462888776,2.2755754276946023,0.39744180114769795,-0.43576492436656267,0.0648431692846238,0.3839677262537988,0,0,0,0,0,0,0,0,0,0,0,0,0,0,0,0,0,0
0,-0.048001929874283346,0.0614782831842512,0,0,0,-2.0472988145028372,1.525450246690627,-0.12033646651815488,-0.7810062817426364,0.07095780867749713,1.2983891086600763,0.26061898734211775,-0.30489033036731633,-0.03904146418509308,0.35554707934678453,0,0,0,0,0,0,0,0,0,0,0,0,0,0,0,0,0,0,0,0
-0.012492201142490004,0.02276956137294288,0,-0.27112713535457017,-0.013533770500351705,0.2059914509644275,0.12217415319043898,-2.4626666413702014,2.5466914005789585,0,-0.37370715769313856,0.38283068261769443,-0.8195782542500881,0.8367986484528778,-1.117587500596502,0.7062340142737573,-0.4950054805642068,-0.2886578756425514,1.2535481787382106,0,0,0,0,0,0,0,0,0,0,0,0,0,0,0,0,0
0,-0.010456970241867139,-0.09984835431293829,-0.20557038207650388,0.1575048173909411,0.11564318368407567,0.03839351876880439,0.06007715291530792,-2.0281496054550554,1.4800595093582594,0.13894873711449296,-0.054631811631609795,-0.07937324517208993,-0.23161852219572976,0.8043633914230975,-2.1276261721908956,2.2681065176631305,0,0,0,0,0,0,0,0,0,0,0,0,0,0,0,0,0,0,0
0,0,-0.04385465089758275,-0.2682324991700085,0.3402570063539265,0,0,-0.11792686478800006,-0.7609504939269525,-1.6102348254657604,1.2594884738609964,1.364348654579791,-0.6074677797439099,-0.6281556154896117,1.2703585948012572,-0.7448056526575337,0.17322613262171271,-0.008074895005084515,0.6098481381690587,0,0,0,0,0,0,0,0,0,0,0,0,0,0,0,0,0
-0.005484700711589923,0.012257290964792554,0,-0.36744225178278256,0.30166641006952377,-0.40427876826523645,-0.810703570908953,1.0111584593496517,-0.7649618312473918,-0.44604295009599515,1.6778726532567991,0,-1.7601483452289561,0.11243267351209818,1.71480992705865,0,-0.488392384934979,0.0309238641317795,0.4716612712359596,0,0,0,0,0,0,0,0,0,0,0,0,0,0,0,0,0
-0.003662910085320253,-0.04613589121740909,-0.05268094433758382,0.12792871768021957,0,0,-0.24858775320163853,0.05077440342727678,-0.7781793576658346,0.295972650411704,0.7436256753407883,0,-0.701288293133986,-0.2398950835326204,0.050827505683499474,0.25259354798450057,0.5059305146509189,0.19522184130552395,0,0,0,0,0,0,0,0,0,0,0,0,0,0,0,0,0,0
0,0,-0.28005160520029965,0.30963167111033235,0,-1.579033925410015,1.2713628968374602,-0.7915983177884842,1.2321499459459506,-1.4495011655596641,0.38480789231861223,-2.6656557604355755,3.877253015875309,-1.453804431860851,1.4815405158955428,0,0,-1.4125622596949365,1.4331996203938886,0,0,0,0,0,0,0,0,0,0,0,0,0,0,0,0,0
0.0,-0.0735451373052353,-0.518019283318848,0.6571419213759353,0,-0.18989367855571157,-0.3109817965363053,-0.6734076906680935,1.2428555645851347,-0.2358419018143937,-1.2840832946580538,1.5625941919608453,0,0,-2.0947370498262448,2.1314279149762267,0,-0.4271808515173869,0.43337195023621755,0,0,0,0,0,0,0,0,0,0,0,0,0,0,0,0,0
0,-0.0530597597816208,-0.05342674767666858,0.07655030924517536,0.05522420055945658,-1.5286207951445772,1.2423241102089497,0.31014580501008426,-2.162521958953454,2.2859962130407614,-0.3292699461855074,0.33707470806898265,-0.4964678704996883,0.5062218094950572,-0.8953470074092499,0.7074741740797039,-0.30848229280336514,0.5235109941957484,0,0,0,0,0,0,0,0,0,0,0,0,0,0,0,0,0,0
-0.031632169214754785,0.05822128565786693,-0.09790445389177477,-0.41248480561472123,-0.12637080225146183,0.722330680797423,-0.0910417130604741,0.07577329913836665,-0.48936937151898036,0.5231475402097908,0,0,0,0,-0.47417287847944517,0.04646151753302147,-0.8135695539423972,1.2757369245166938,0,0,0,0,0,0,0,0,0,0,0,0,0,0,0,0,0,0
0,-0.057059439528922035,0.06489188908618033,-0.11093777327887976,-0.6056308682133779,-0.04945106751102046,0.8486029669991099,-0.9802732555897693,0.6396316726709991,0.008555875823306525,-1.144910559811621,1.202108364994581,-0.9983556637635298,1.4035792155192288,-0.10455896504479502,-0.42783724715379,0.5432639403661261,0,0,0,0,0,0,0,0,0,0,0,0,0,0,0,0,0,0,0
0,0,-0.07291534317695854,-0.7154056606905229,0.855178263872777,0,-1.8761208874646311,1.9470139628774459,-0.5137687353664939,-0.40086505068447964,-0.03674494611779511,1.015379682076395,-1.6427201915095866,1.6762945767137456,-0.3681815081819141,-0.8725967315294448,1.267287459901722,-1.2376708301312465,1.256002083606631,0,0,0,0,0,0,0,0,0,0,0,0,0,0,0,0,0
0,0,0,-0.8752972828233969,0.9326753353724565,-0.6326890784503117,0.6619627306865754,-0.8756065865848994,0.9045519006111917,-0.37089374122587393,-1.0009400559485537,0.5606738539008715,0.0974168765438489,0.7919022466745409,0,-2.2225951379209214,1.846207750198985,-0.2456336830433719,0.6731479327852334,0,0,0,0,0,0,0,0,0,0,0,0,0,0,0,0,0
-0.01851226105882084,0.02696111976674245,0,0,-0.4539520803231408,0.1809988020047867,-0.2723850448303567,0.007960520474245225,-0.5679304920798155,-0.6431034430896734,0.1834988380318513,1.0908440627273763,0.013022186919195655,0.4803606087959088,0.22379416188856438,0,0,0,0,0,0,0,0,0,0,0,0,0,0,0,0,0,0,0,0,0
-0.034302446162105565,-0.03575444591989956,0.008324322898431158,0.10017842396951537,-0.5294695891584061,0.016233957621610062,0.3946169714401803,0.18259444447550335,-0.17598780009189294,-0.38091981631235183,0.5773401197445263,-1.1499062377558125,1.1758027629408603,-1.7790526118812926,1.812667010833626,0,0,0,0,0,0,0,0,0,0,0,0,0,0,0,0,0,0,0,0,0
0,0,0,0,-0.34673887468441056,0.36558932724402243,0,-1.4479440848070868,1.4977042470102944,0,-1.3482359539136177,1.118661689382786,-1.6618349012235005,1.408606930072366,-0.378323488028865,0.963659156341695,-1.1336690803515599,0.8254154021921483,0.3295152760921162,0,0,0,0,0,0,0,0,0,0,0,0,0,0,0,0,0
0,0,-0.1723230570905097,0.18715811795731668,0,-1.1011313076804554,1.1500991380871812,-2.4408781096856136,1.8677282285029855,-0.19579411968136595,0.432918380097101,0.4794031740274244,-1.0956085338884116,1.0505104371425495,-2.0376560312362155,2.143046269213951,-0.8432807187052249,-0.5562931958164243,1.4331996203938886,0,0,0,0,0,0,0,0,0,0,0,0,0,0,0,0,0
-0.028223881029191596,-0.05165102235443198,0.10769799370270958,-0.2748743685748003,0.2947194011971825,0,-0.16979927714958543,-0.03331768600175694,-0.22759202115222618,-1.9483040797124673,1.1798089179765556,1.3196048857530491,0,0,-2.6119175551502862,2.657955842725472,0,-0.28160142911161146,0.28577735140590615,0,0,0,0,0,0,0,0,0,0,0,0,0,0,0,0,0
-0.009407961850043268,0.011920241071135453,0,-0.054201488240795334,0.05822086355499251,-0.2979548057017759,0.06546049078631355,-0.3733324759283797,-0.20353762556229327,0.7507490990469751,-3.9793645962853494,1.7774551372383407,2.4863819832277305,-1.1767531364500905,1.1992917358008433,-1.490994676616303,0.056000306752226114,1.48313053185634,0,0,0,0,0,0,0,0,0,0,0,0,0,0,0,0,0,0
-0.032807992835637255,0.04188838735798438,0,0,0,-1.1177791580983536,1.1650914844864921,-0.07227148807057679,-1.687070560198486,1.2287186190907184,0.6010162735146044,-0.46097929458447584,0.4715710311752586,-2.744651960267303,1.697397882514207,1.077170635553053,-0.4233959951301073,0.471007275899793,0,0,0,0,0,0,0,0,0,0,0,0,0,0,0,0,0,0
-0.00975707456657291,0.034386312601432864,0.01680003089825585,-0.027794611678960253,-0.7246848821208955,0.79375379965128,0,-0.27404922524966885,-1.6690628822285483,2.0076106176950663,-0.24484387701987245,0.25087660397984257,0,-0.5055763377606646,0.5146220173559101,0,-3.2796519431044517,1.919035748260082,1.4319682445611368,0,0,0,0,0,0,0,0,0,0,0,0,0,0,0,0,0
0,-0.06707540985836728,0.07973133725594747,0,0,-1.0757643695132488,1.1126487210624452,0.0152386627249731,-1.117000678815222,0.12711203785737224,-1.150222526816083,-0.014769538664250237,2.0654482947236312,-0.8892249643577144,1.1722248938603337,0,0,0,0,0,0,0,0,0,0,0,0,0,0,0,0,0,0,0,0,0
0.0,0.0,-0.1084655793389547,0.1193647829733483,0,-0.3952966941630413,-0.049663774967430574,-0.09761327803708902,-0.2737878011292161,-0.24322319108735946,-0.5420855522415018,1.0534122001774695,0.7163479015115557,-2.943040657907403,2.9996592230998114,-0.08622497938585062,-2.7180767872467158,2.454547631702862,0.4012717311831063,0,0,0,0,0,0,0,0,0,0,0,0,0,0,0,0,0
